case,problem,ncores,method,makespan,single_core_baseline,speedup,added_copy_bytes,original_copy_bytes,scheduled_copy_bytes,cache_hit_rate,subgraph_count,solver_runtime_sec,evaluator_runtime_sec,baseline_evaluator_runtime_sec,evaluator_calls,seed,makespan_no_l2,makespan_l2,cache_speedup,status,error,best_evaluation_tag
case_001,1,2,tensor_cut_critical_list,116868,233110,1.9946435294520313,1152,1639552,1640704,,2,0.09472479252144694,0.5494451243430376,0.1720719998702407,4,0,,,,evaluated,,case_001_p1_n2_eval_0002_g2
case_001,2,2,co_location_critical_list,116868,233110,1.9946435294520313,1152,1639552,1640704,,4,0.054163333028554916,0.2126798750832677,0.0,2,0,,,,evaluated,,case_001_p2_n2_eval_0001_g4
case_001,3,2,fifo_cache_aware_list,116868,233110,1.9946435294520313,1152,1639552,1640704,0.0,4,0.07912529166787863,0.31998470798134804,0.0,3,0,116868,116868,1.0,evaluated,,case_001_p3_n2_eval_0001_g4
case_014,1,2,tensor_cut_critical_list,18184664,,,65626724,9932740,75559464,,2,2.933250625152141,151.07859962480143,0.0,1,0,,,,evaluated,singlecore baseline previously failed; see /Users/macbook/Documents/数学建模 A 题/results/logs/case_014_singlecore.failed.txt,case_014_p1_n2_eval_0001_g2
case_014,1,3,tensor_cut_critical_list,18206061,,,69896804,9932740,79829544,,3,2.150446082931012,106.43412991706282,0.0,1,0,,,,evaluated,singlecore baseline previously failed; see /Users/macbook/Documents/数学建模 A 题/results/logs/case_014_singlecore.failed.txt,case_014_p1_n3_eval_0001_g3
case_014,1,4,tensor_cut_critical_list,13624358,,,59625280,9932740,69558020,,4,2.508281874936074,102.86117399996147,0.0,1,0,,,,evaluated,singlecore baseline previously failed; see /Users/macbook/Documents/数学建模 A 题/results/logs/case_014_singlecore.failed.txt,case_014_p1_n4_eval_0001_g4
case_014,1,5,tensor_cut_critical_list,13630764,,,58981696,9932740,68914436,,5,28.04835908394307,160.54232720797881,0.0,1,0,,,,evaluated,singlecore baseline previously failed; see /Users/macbook/Documents/数学建模 A 题/results/logs/case_014_singlecore.failed.txt,case_014_p1_n5_eval_0001_g5
case_014,2,2,co_location_critical_list,14977860,,,70362528,9932740,80295268,,4,2.4367057932540774,25.076983290724456,0.0,1,0,,,,evaluated,singlecore baseline previously failed; see /Users/macbook/Documents/数学建模 A 题/results/logs/case_014_singlecore.failed.txt,case_014_p2_n2_eval_0001_g4
case_014,2,3,co_location_critical_list,10253458,,,63751292,9932740,73684032,,6,3.8518130839802325,20.09254899993539,0.0,1,0,,,,evaluated,singlecore baseline previously failed; see /Users/macbook/Documents/数学建模 A 题/results/logs/case_014_singlecore.failed.txt,case_014_p2_n3_eval_0001_g6
case_014,2,4,co_location_critical_list,8636778,,,66075260,9932740,76008000,,8,2.8768163328059018,17.4934450420551,0.0,1,0,,,,evaluated,singlecore baseline previously failed; see /Users/macbook/Documents/数学建模 A 题/results/logs/case_014_singlecore.failed.txt,case_014_p2_n4_eval_0001_g8
case_014,2,5,co_location_critical_list,6969885,,,65224316,9932740,75157056,,10,2.669557333458215,16.46624583285302,0.0,1,0,,,,evaluated,singlecore baseline previously failed; see /Users/macbook/Documents/数学建模 A 题/results/logs/case_014_singlecore.failed.txt,case_014_p2_n5_eval_0001_g10
case_014,3,2,fifo_cache_aware_list,13321252,,,75050400,9932740,84983140,0.1852950501309863,4,2.777046542149037,23.155106333084404,0.0,1,0,14977860,13321252,1.124358281038449,evaluated,singlecore baseline previously failed; see /Users/macbook/Documents/数学建模 A 题/results/logs/case_014_singlecore.failed.txt,case_014_p3_n2_eval_0001_g4
case_014,3,3,fifo_cache_aware_list,11874509,,,70021536,9932740,79954276,0.21374859133285523,6,2.413033498916775,20.827613042201847,0.0,1,0,10253458,11874509,0.8634847975608928,evaluated,singlecore baseline previously failed; see /Users/macbook/Documents/数学建模 A 题/results/logs/case_014_singlecore.failed.txt,case_014_p3_n3_eval_0001_g6
case_014,3,4,fifo_cache_aware_list,11145703,,,70946208,9932740,80878948,0.23394694855856046,8,2.631233041640371,23.951970625203103,0.0,1,0,8636778,11145703,0.7748975546899105,evaluated,singlecore baseline previously failed; see /Users/macbook/Documents/数学建模 A 题/results/logs/case_014_singlecore.failed.txt,case_014_p3_n4_eval_0001_g8
case_014,3,5,fifo_cache_aware_list,7099894,,,68268668,9932740,78201408,0.17371642548697677,10,3.1059243329800665,24.51522924983874,0.0,1,0,6969885,7099894,0.9816885998579697,evaluated,singlecore baseline previously failed; see /Users/macbook/Documents/数学建模 A 题/results/logs/case_014_singlecore.failed.txt,case_014_p3_n5_eval_0001_g10
case_019,1,2,tensor_cut_critical_list,79348,81144,1.0226344709381459,64,186984,187048,,2,0.03783641615882516,0.25390920881181955,0.13433608412742615,2,0,,,,evaluated,,case_019_p1_n2_eval_0002_g2
case_019,1,3,tensor_cut_critical_list,79842,81144,1.0163072067332983,20544,186984,207528,,3,0.03128987457603216,0.10785037511959672,0.0,1,0,,,,evaluated,,case_019_p1_n3_eval_0001_g3
case_019,1,4,tensor_cut_critical_list,39817,81144,2.0379235000125573,68,186984,187052,,4,0.028827624395489693,0.11596270883455873,0.0,1,0,,,,evaluated,,case_019_p1_n4_eval_0001_g4
case_019,1,5,tensor_cut_critical_list,40250,81144,2.016,16452,186984,203436,,5,0.029992251191288233,0.1131251659244299,0.0,1,0,,,,evaluated,,case_019_p1_n5_eval_0001_g5
case_019,2,1,co_location_critical_list,81144,81144,1.0,0,186984,186984,,1,0.03464937536045909,0.17590649984776974,0.0,1,0,,,,evaluated,,case_019_p2_n1_eval_0001_g1
case_019,2,2,co_location_critical_list,62550,81144,1.2972661870503597,36,186984,187020,,4,0.023196126334369183,0.08974304096773267,0.0,1,0,,,,evaluated,,case_019_p2_n2_eval_0001_g4
case_019,2,3,co_location_critical_list,56489,81144,1.4364566552780187,8228,186984,195212,,6,0.02832345897331834,0.10060608293861151,0.0,1,0,,,,evaluated,,case_019_p2_n3_eval_0001_g6
case_019,2,4,co_location_critical_list,42158,81144,1.924759239053086,41508,186984,228492,,8,0.026276833843439817,0.09800341632217169,0.0,1,0,,,,evaluated,,case_019_p2_n4_eval_0001_g8
case_019,2,5,co_location_critical_list,41241,81144,1.9675565577944278,30244,186984,217228,,10,0.026113166008144617,0.10138112492859364,0.0,1,0,,,,evaluated,,case_019_p2_n5_eval_0001_g10
case_019,3,1,fifo_cache_aware_list,81144,81144,1.0,0,186984,186984,0.0,1,0.05891337478533387,0.22451320802792907,0.0,1,0,81144,81144,1.0,evaluated,,case_019_p3_n1_eval_0001_g1
case_019,3,2,fifo_cache_aware_list,79137,81144,1.0253610826794042,0,186984,186984,0.0,4,0.021965249441564083,0.0969037082977593,0.0,1,0,62550,79137,0.7904014557034005,evaluated,,case_019_p3_n2_eval_0001_g4
case_019,3,3,fifo_cache_aware_list,63327,81144,1.281349187550334,19968,186984,206952,0.02405763809126031,6,0.029067416675388813,0.09745437512174249,0.0,1,0,56489,63327,0.892020781025471,evaluated,,case_019_p3_n3_eval_0001_g6
case_019,3,4,fifo_cache_aware_list,78089,81144,1.03912202743024,0,186984,186984,0.0,8,0.028208959382027388,0.11618999997153878,0.0,1,0,42158,78089,0.5398711726363509,evaluated,,case_019_p3_n4_eval_0001_g8
case_019,3,5,fifo_cache_aware_list,71649,81144,1.132521040070343,30724,186984,217708,0.0,10,0.038474499713629484,0.10877116629853845,0.0,1,0,41241,71649,0.575597705480886,evaluated,,case_019_p3_n5_eval_0001_g10
case_034,1,2,tensor_cut_critical_list,846983,842996,0.9952927036315959,46860,2280386,2327246,,2,0.5877641262486577,4.064113748725504,2.8591009159572423,2,0,,,,evaluated,,case_034_p1_n2_eval_0002_g2
case_034,1,3,tensor_cut_critical_list,562148,842996,1.4995979706411835,332,2280386,2280718,,3,0.4589049997739494,1.5088465833105147,0.0,1,0,,,,evaluated,,case_034_p1_n3_eval_0001_g3
case_034,1,4,tensor_cut_critical_list,562269,842996,1.4992752579281448,332,2280386,2280718,,4,0.3845081673935056,1.179760541766882,0.0,1,0,,,,evaluated,,case_034_p1_n4_eval_0001_g4
case_034,1,5,tensor_cut_critical_list,415949,842996,2.026681155622444,396,2280386,2280782,,5,0.3401061249896884,1.3178428751416504,0.0,1,0,,,,evaluated,,case_034_p1_n5_eval_0001_g5
case_034,2,1,co_location_critical_list,842996,842996,1.0,1079832,2280386,3360218,,1,0.18438174948096275,1.3515565423294902,0.0,1,0,,,,evaluated,,case_034_p2_n1_eval_0001_g1
case_034,2,2,co_location_critical_list,637987,842996,1.3213372686277307,614684,2280386,2895070,,4,0.3839429998770356,0.5266066249459982,0.0,1,0,,,,evaluated,,case_034_p2_n2_eval_0001_g4
case_034,2,3,co_location_critical_list,419408,842996,2.009966428871171,332,2280386,2280718,,6,0.3053864580579102,0.49027691688388586,0.0,1,0,,,,evaluated,,case_034_p2_n3_eval_0001_g6
case_034,2,4,co_location_critical_list,420981,842996,2.0024561678555566,332,2280386,2280718,,8,0.26683274982497096,0.4756951672025025,0.0,1,0,,,,evaluated,,case_034_p2_n4_eval_0001_g8
case_034,2,5,co_location_critical_list,396514,842996,2.126018249040387,69452,2280386,2349838,,10,0.25872345827519894,0.48404008289799094,0.0,1,0,,,,evaluated,,case_034_p2_n5_eval_0001_g10
case_034,3,1,fifo_cache_aware_list,842733,842996,1.0003120798639664,1079832,2280386,3360218,0.309046599146855,1,0.3369112918153405,2.073658375069499,0.0,1,0,842996,842733,1.0003120798639664,evaluated,,case_034_p3_n1_eval_0001_g1
case_034,3,2,fifo_cache_aware_list,638004,842996,1.3213020608021266,679196,2280386,2959582,0.17251937473446724,4,0.3772756247781217,0.5708340001292527,0.0,1,0,637987,638004,0.999973354399032,evaluated,,case_034_p3_n2_eval_0001_g4
case_034,3,3,fifo_cache_aware_list,564267,842996,1.4939665087626957,24844,2280386,2305230,0.0,6,0.363538499455899,0.5622274586930871,0.0,1,0,419408,564267,0.7432793340741174,evaluated,,case_034_p3_n3_eval_0001_g6
case_034,3,4,fifo_cache_aware_list,525396,842996,1.6044964179399919,478476,2280386,2758862,0.09225451894804951,8,0.34106799960136414,0.5815910422243178,0.0,1,0,420981,525396,0.8012641892972158,evaluated,,case_034_p3_n4_eval_0001_g8
case_034,3,5,fifo_cache_aware_list,402601,842996,2.0938745805400383,106316,2280386,2386702,0.013730222579780103,10,0.26360912527889013,0.5198117499239743,0.0,1,0,396514,402601,0.9848808125166107,evaluated,,case_034_p3_n5_eval_0001_g10
case_093,1,2,tensor_cut_critical_list,37827,74205,1.9616940280751844,8192,714752,722944,,2,0.03818170912563801,0.28600862389430404,0.16061733290553093,2,0,,,,evaluated,,case_093_p1_n2_eval_0002_g2
case_093,1,3,tensor_cut_critical_list,25103,74205,2.956021192686133,16384,714752,731136,,3,0.031738333869725466,0.11824416602030396,0.0,1,0,,,,evaluated,,case_093_p1_n3_eval_0001_g3
case_093,1,4,tensor_cut_critical_list,19779,74205,3.751706355225239,24576,714752,739328,,4,0.031515376176685095,0.13223354099318385,0.0,1,0,,,,evaluated,,case_093_p1_n4_eval_0001_g4
case_093,1,5,tensor_cut_critical_list,15876,74205,4.674036281179139,32768,714752,747520,,5,0.030371458269655704,0.1201732917688787,0.0,1,0,,,,evaluated,,case_093_p1_n5_eval_0001_g5
case_093,2,1,co_location_critical_list,74205,74205,1.0,0,714752,714752,,1,0.07419079123064876,0.3944385419599712,0.0,1,0,,,,evaluated,,case_093_p2_n1_eval_0001_g1
case_093,2,2,co_location_critical_list,37827,74205,1.9616940280751844,8192,714752,722944,,4,0.04154895665124059,0.10369208408519626,0.0,1,0,,,,evaluated,,case_093_p2_n2_eval_0001_g4
case_093,2,3,co_location_critical_list,25418,74205,2.9193878353922416,16384,714752,731136,,6,0.02717933338135481,0.10800741706043482,0.0,1,0,,,,evaluated,,case_093_p2_n3_eval_0001_g6
case_093,2,4,co_location_critical_list,19779,74205,3.751706355225239,24576,714752,739328,,8,0.02789079211652279,0.09823562484234571,0.0,1,0,,,,evaluated,,case_093_p2_n4_eval_0001_g8
case_093,2,5,co_location_critical_list,15876,74205,4.674036281179139,32768,714752,747520,,10,0.02733583375811577,0.10271037509664893,0.0,1,0,,,,evaluated,,case_093_p2_n5_eval_0001_g10
case_093,3,1,fifo_cache_aware_list,74205,74205,1.0,0,714752,714752,0.0,1,0.03662316780537367,0.19059829134494066,0.0,1,0,74205,74205,1.0,evaluated,,case_093_p3_n1_eval_0001_g1
case_093,3,2,fifo_cache_aware_list,37827,74205,1.9616940280751844,8192,714752,722944,0.0,4,0.030575416516512632,0.11091170879080892,0.0,1,0,37827,37827,1.0,evaluated,,case_093_p3_n2_eval_0001_g4
case_093,3,3,fifo_cache_aware_list,25418,74205,2.9193878353922416,16384,714752,731136,0.0,6,0.040114541072398424,0.11602054163813591,0.0,1,0,25418,25418,1.0,evaluated,,case_093_p3_n3_eval_0001_g6
case_093,3,4,fifo_cache_aware_list,19743,74205,3.7585473332320314,24576,714752,739328,0.02054794520547945,8,0.03296208381652832,0.11606041621416807,0.0,1,0,19779,19743,1.0018234310895,evaluated,,case_093_p3_n4_eval_0001_g8
case_093,3,5,fifo_cache_aware_list,15630,74205,4.747600767754319,32768,714752,747520,0.04054054054054054,10,0.028978458140045404,0.11401091702282429,0.0,1,0,15876,15630,1.0157389635316698,evaluated,,case_093_p3_n5_eval_0001_g10
